{
  "train_accuracy": 1.0,
  "val_accuracy": 0.8333333333333334,
  "test_accuracy": 0.8222222222222222,
  "train_f1": 1.0,
  "val_f1": 0.8275862068965517,
  "test_f1": 0.7894736842105263,
  "confusion_matrix": [
    [
      22,
      2
    ],
    [
      6,
      15
    ]
  ],
  "classification_report": {
    "0": {
      "precision": 0.7857142857142857,
      "recall": 0.9166666666666666,
      "f1-score": 0.8461538461538461,
      "support": 24.0
    },
    "1": {
      "precision": 0.8823529411764706,
      "recall": 0.7142857142857143,
      "f1-score": 0.7894736842105263,
      "support": 21.0
    },
    "accuracy": 0.8222222222222222,
    "macro avg": {
      "precision": 0.8340336134453781,
      "recall": 0.8154761904761905,
      "f1-score": 0.8178137651821862,
      "support": 45.0
    },
    "weighted avg": {
      "precision": 0.8308123249299719,
      "recall": 0.8222222222222222,
      "f1-score": 0.8197031039136302,
      "support": 45.0
    }
  },
  "test_auc": 0.9146825396825397
}