{"best_model": "lr_high_c", "validation_accuracy": 0.8, "validation_f1": 0.7857142857142857, "episode_rewards": [5.758616161616162, 5.758616161616162, 5.758616161616162, 5.758616161616162, 5.901545479424791, 5.758616161616162, 5.758616161616162, 5.758616161616162, 5.758616161616162, 5.758616161616162, 5.758616161616162, 5.758616161616162, 5.758616161616162, 5.758616161616162, 5.758616161616162, 5.772143323630393, 5.758616161616162, 5.758616161616162, 5.80261471861472, 5.758616161616162, 5.758616161616162, 5.758616161616162, 5.758616161616162, 5.758616161616162, 5.758616161616162, 5.775572436184506, 5.758616161616162, 5.758616161616162, 5.805417027417028, 5.758616161616162]}