{"best_features": [0, 0, 0, 1, 1, 1, 0, 0, 0, 0, 0, 1, 1, 1, 1, 1, 0, 0, 0, 1, 0, 1, 1, 0, 0, 1, 0, 0, 1, 1], "best_score": 0.9526666666666667, "n_selected_features": 14, "temperature_history": [95.0, 90.25, 85.7375, 81.45062499999999, 77.37809374999999, 73.50918906249998, 69.83372960937498, 66.34204312890623, 63.02494097246091, 59.87369392383786, 56.880009227645964, 54.03600876626366, 51.33420832795048, 48.76749791155295, 46.3291230159753, 44.012666865176534, 41.812033521917705, 39.72143184582182, 37.73536025353073, 35.84859224085419, 34.05616262881148, 32.3533544973709, 30.735686772502355, 29.198902433877237, 27.738957312183373, 26.352009446574204, 25.034408974245494, 23.782688525533217, 22.593554099256554, 21.463876394293724, 20.390682574579035, 19.371148445850082, 18.402591023557576, 17.482461472379697, 16.60833839876071, 15.777921478822675, 14.98902540488154, 14.239574134637461, 13.527595427905588, 12.851215656510307, 12.208654873684791, 11.59822213000055, 11.018311023500523, 10.467395472325496, 9.94402569870922, 9.44682441377376, 8.97448319308507, 8.525759033430816, 8.099471081759274, 7.69449752767131, 7.309772651287744, 6.944284018723357, 6.5970698177871885, 6.267216326897829, 5.953855510552938, 5.6561627350252905, 5.373354598274026, 5.104686868360324, 4.849452524942308, 4.606979898695192, 4.376630903760432, 4.157799358572411, 3.94990939064379, 3.7524139211116005, 3.5647932250560204, 3.3865535638032194, 3.2172258856130584, 3.0563645913324056, 2.9035463617657853, 2.758369043677496, 2.620450591493621, 2.48942806191894, 2.364956658822993, 2.2467088258818433, 2.134373384587751, 2.0276547153583633, 1.926271979590445, 1.8299583806109228, 1.7384604615803765, 1.6515374385013575, 1.5689605665762896, 1.490512538247475, 1.4159869113351014, 1.3451875657683463, 1.2779281874799289, 1.2140317781059324, 1.1533301892006358, 1.0956636797406039, 1.0408804957535736, 0.9888364709658948, 0.9393946474176, 0.89242491504672, 0.8478036692943839, 0.8054134858296647, 0.7651428115381814, 0.7268856709612723, 0.6905413874132087, 0.6560143180425483, 0.6232136021404209, 0.5920529220333998], "score_history": [0.885, 0.885, 0.885, 0.885, 0.885, 0.885, 0.885, 0.885, 0.885, 0.885, 0.885, 0.885, 0.885, 0.885, 0.885, 0.885, 0.885, 0.885, 0.885, 0.885, 0.885, 0.885, 0.885, 0.885, 0.886, 0.886, 0.9213333333333333, 0.9213333333333333, 0.9213333333333333, 0.9213333333333333, 0.9213333333333333, 0.9213333333333333, 0.9213333333333333, 0.9213333333333333, 0.9213333333333333, 0.9213333333333333, 0.9213333333333333, 0.9213333333333333, 0.9213333333333333, 0.9213333333333333, 0.9213333333333333, 0.9213333333333333, 0.9526666666666667, 0.9526666666666667, 0.9526666666666667, 0.9526666666666667, 0.9526666666666667, 0.9526666666666667, 0.9526666666666667, 0.9526666666666667, 0.9526666666666667, 0.9526666666666667, 0.9526666666666667, 0.9526666666666667, 0.9526666666666667, 0.9526666666666667, 0.9526666666666667, 0.9526666666666667, 0.9526666666666667, 0.9526666666666667, 0.9526666666666667, 0.9526666666666667, 0.9526666666666667, 0.9526666666666667, 0.9526666666666667, 0.9526666666666667, 0.9526666666666667, 0.9526666666666667, 0.9526666666666667, 0.9526666666666667, 0.9526666666666667, 0.9526666666666667, 0.9526666666666667, 0.9526666666666667, 0.9526666666666667, 0.9526666666666667, 0.9526666666666667, 0.9526666666666667, 0.9526666666666667, 0.9526666666666667, 0.9526666666666667, 0.9526666666666667, 0.9526666666666667, 0.9526666666666667, 0.9526666666666667, 0.9526666666666667, 0.9526666666666667, 0.9526666666666667, 0.9526666666666667, 0.9526666666666667, 0.9526666666666667, 0.9526666666666667, 0.9526666666666667, 0.9526666666666667, 0.9526666666666667, 0.9526666666666667, 0.9526666666666667, 0.9526666666666667, 0.9526666666666667, 0.9526666666666667]}